,img,label
0,F:\DataSet\NWPU VHR-10 dataset\positive image set\train\003.jpg,F:\DataSet\NWPU VHR-10 dataset\positive image set\train\003.txt
1,F:\DataSet\NWPU VHR-10 dataset\positive image set\train\004.jpg,F:\DataSet\NWPU VHR-10 dataset\positive image set\train\004.txt
2,F:\DataSet\NWPU VHR-10 dataset\positive image set\train\005.jpg,F:\DataSet\NWPU VHR-10 dataset\positive image set\train\005.txt
3,F:\DataSet\NWPU VHR-10 dataset\positive image set\train\006.jpg,F:\DataSet\NWPU VHR-10 dataset\positive image set\train\006.txt
4,F:\DataSet\NWPU VHR-10 dataset\positive image set\train\008.jpg,F:\DataSet\NWPU VHR-10 dataset\positive image set\train\008.txt
5,F:\DataSet\NWPU VHR-10 dataset\positive image set\train\009.jpg,F:\DataSet\NWPU VHR-10 dataset\positive image set\train\009.txt
6,F:\DataSet\NWPU VHR-10 dataset\positive image set\train\010.jpg,F:\DataSet\NWPU VHR-10 dataset\positive image set\train\010.txt
7,F:\DataSet\NWPU VHR-10 dataset\positive image set\train\011.jpg,F:\DataSet\NWPU VHR-10 dataset\positive image set\train\011.txt
8,F:\DataSet\NWPU VHR-10 dataset\positive image set\train\013.jpg,F:\DataSet\NWPU VHR-10 dataset\positive image set\train\013.txt
9,F:\DataSet\NWPU VHR-10 dataset\positive image set\train\015.jpg,F:\DataSet\NWPU VHR-10 dataset\positive image set\train\015.txt
10,F:\DataSet\NWPU VHR-10 dataset\positive image set\train\016.jpg,F:\DataSet\NWPU VHR-10 dataset\positive image set\train\016.txt
11,F:\DataSet\NWPU VHR-10 dataset\positive image set\train\017.jpg,F:\DataSet\NWPU VHR-10 dataset\positive image set\train\017.txt
12,F:\DataSet\NWPU VHR-10 dataset\positive image set\train\018.jpg,F:\DataSet\NWPU VHR-10 dataset\positive image set\train\018.txt
13,F:\DataSet\NWPU VHR-10 dataset\positive image set\train\019.jpg,F:\DataSet\NWPU VHR-10 dataset\positive image set\train\019.txt
14,F:\DataSet\NWPU VHR-10 dataset\positive image set\train\021.jpg,F:\DataSet\NWPU VHR-10 dataset\positive image set\train\021.txt
15,F:\DataSet\NWPU VHR-10 dataset\positive image set\train\022.jpg,F:\DataSet\NWPU VHR-10 dataset\positive image set\train\022.txt
16,F:\DataSet\NWPU VHR-10 dataset\positive image set\train\023.jpg,F:\DataSet\NWPU VHR-10 dataset\positive image set\train\023.txt
17,F:\DataSet\NWPU VHR-10 dataset\positive image set\train\024.jpg,F:\DataSet\NWPU VHR-10 dataset\positive image set\train\024.txt
18,F:\DataSet\NWPU VHR-10 dataset\positive image set\train\025.jpg,F:\DataSet\NWPU VHR-10 dataset\positive image set\train\025.txt
19,F:\DataSet\NWPU VHR-10 dataset\positive image set\train\027.jpg,F:\DataSet\NWPU VHR-10 dataset\positive image set\train\027.txt
20,F:\DataSet\NWPU VHR-10 dataset\positive image set\train\031.jpg,F:\DataSet\NWPU VHR-10 dataset\positive image set\train\031.txt
21,F:\DataSet\NWPU VHR-10 dataset\positive image set\train\033.jpg,F:\DataSet\NWPU VHR-10 dataset\positive image set\train\033.txt
22,F:\DataSet\NWPU VHR-10 dataset\positive image set\train\034.jpg,F:\DataSet\NWPU VHR-10 dataset\positive image set\train\034.txt
23,F:\DataSet\NWPU VHR-10 dataset\positive image set\train\035.jpg,F:\DataSet\NWPU VHR-10 dataset\positive image set\train\035.txt
24,F:\DataSet\NWPU VHR-10 dataset\positive image set\train\036.jpg,F:\DataSet\NWPU VHR-10 dataset\positive image set\train\036.txt
25,F:\DataSet\NWPU VHR-10 dataset\positive image set\train\037.jpg,F:\DataSet\NWPU VHR-10 dataset\positive image set\train\037.txt
26,F:\DataSet\NWPU VHR-10 dataset\positive image set\train\038.jpg,F:\DataSet\NWPU VHR-10 dataset\positive image set\train\038.txt
27,F:\DataSet\NWPU VHR-10 dataset\positive image set\train\040.jpg,F:\DataSet\NWPU VHR-10 dataset\positive image set\train\040.txt
28,F:\DataSet\NWPU VHR-10 dataset\positive image set\train\041.jpg,F:\DataSet\NWPU VHR-10 dataset\positive image set\train\041.txt
29,F:\DataSet\NWPU VHR-10 dataset\positive image set\train\042.jpg,F:\DataSet\NWPU VHR-10 dataset\positive image set\train\042.txt
30,F:\DataSet\NWPU VHR-10 dataset\positive image set\train\043.jpg,F:\DataSet\NWPU VHR-10 dataset\positive image set\train\043.txt
31,F:\DataSet\NWPU VHR-10 dataset\positive image set\train\044.jpg,F:\DataSet\NWPU VHR-10 dataset\positive image set\train\044.txt
32,F:\DataSet\NWPU VHR-10 dataset\positive image set\train\045.jpg,F:\DataSet\NWPU VHR-10 dataset\positive image set\train\045.txt
33,F:\DataSet\NWPU VHR-10 dataset\positive image set\train\051.jpg,F:\DataSet\NWPU VHR-10 dataset\positive image set\train\051.txt
34,F:\DataSet\NWPU VHR-10 dataset\positive image set\train\053.jpg,F:\DataSet\NWPU VHR-10 dataset\positive image set\train\053.txt
35,F:\DataSet\NWPU VHR-10 dataset\positive image set\train\054.jpg,F:\DataSet\NWPU VHR-10 dataset\positive image set\train\054.txt
36,F:\DataSet\NWPU VHR-10 dataset\positive image set\train\055.jpg,F:\DataSet\NWPU VHR-10 dataset\positive image set\train\055.txt
37,F:\DataSet\NWPU VHR-10 dataset\positive image set\train\056.jpg,F:\DataSet\NWPU VHR-10 dataset\positive image set\train\056.txt
38,F:\DataSet\NWPU VHR-10 dataset\positive image set\train\058.jpg,F:\DataSet\NWPU VHR-10 dataset\positive image set\train\058.txt
39,F:\DataSet\NWPU VHR-10 dataset\positive image set\train\059.jpg,F:\DataSet\NWPU VHR-10 dataset\positive image set\train\059.txt
40,F:\DataSet\NWPU VHR-10 dataset\positive image set\train\060.jpg,F:\DataSet\NWPU VHR-10 dataset\positive image set\train\060.txt
41,F:\DataSet\NWPU VHR-10 dataset\positive image set\train\061.jpg,F:\DataSet\NWPU VHR-10 dataset\positive image set\train\061.txt
42,F:\DataSet\NWPU VHR-10 dataset\positive image set\train\062.jpg,F:\DataSet\NWPU VHR-10 dataset\positive image set\train\062.txt
43,F:\DataSet\NWPU VHR-10 dataset\positive image set\train\063.jpg,F:\DataSet\NWPU VHR-10 dataset\positive image set\train\063.txt
44,F:\DataSet\NWPU VHR-10 dataset\positive image set\train\064.jpg,F:\DataSet\NWPU VHR-10 dataset\positive image set\train\064.txt
45,F:\DataSet\NWPU VHR-10 dataset\positive image set\train\067.jpg,F:\DataSet\NWPU VHR-10 dataset\positive image set\train\067.txt
46,F:\DataSet\NWPU VHR-10 dataset\positive image set\train\068.jpg,F:\DataSet\NWPU VHR-10 dataset\positive image set\train\068.txt
47,F:\DataSet\NWPU VHR-10 dataset\positive image set\train\070.jpg,F:\DataSet\NWPU VHR-10 dataset\positive image set\train\070.txt
48,F:\DataSet\NWPU VHR-10 dataset\positive image set\train\071.jpg,F:\DataSet\NWPU VHR-10 dataset\positive image set\train\071.txt
49,F:\DataSet\NWPU VHR-10 dataset\positive image set\train\072.jpg,F:\DataSet\NWPU VHR-10 dataset\positive image set\train\072.txt
50,F:\DataSet\NWPU VHR-10 dataset\positive image set\train\073.jpg,F:\DataSet\NWPU VHR-10 dataset\positive image set\train\073.txt
51,F:\DataSet\NWPU VHR-10 dataset\positive image set\train\074.jpg,F:\DataSet\NWPU VHR-10 dataset\positive image set\train\074.txt
52,F:\DataSet\NWPU VHR-10 dataset\positive image set\train\075.jpg,F:\DataSet\NWPU VHR-10 dataset\positive image set\train\075.txt
53,F:\DataSet\NWPU VHR-10 dataset\positive image set\train\078.jpg,F:\DataSet\NWPU VHR-10 dataset\positive image set\train\078.txt
54,F:\DataSet\NWPU VHR-10 dataset\positive image set\train\079.jpg,F:\DataSet\NWPU VHR-10 dataset\positive image set\train\079.txt
55,F:\DataSet\NWPU VHR-10 dataset\positive image set\train\082.jpg,F:\DataSet\NWPU VHR-10 dataset\positive image set\train\082.txt
56,F:\DataSet\NWPU VHR-10 dataset\positive image set\train\086.jpg,F:\DataSet\NWPU VHR-10 dataset\positive image set\train\086.txt
57,F:\DataSet\NWPU VHR-10 dataset\positive image set\train\087.jpg,F:\DataSet\NWPU VHR-10 dataset\positive image set\train\087.txt
58,F:\DataSet\NWPU VHR-10 dataset\positive image set\train\088.jpg,F:\DataSet\NWPU VHR-10 dataset\positive image set\train\088.txt
59,F:\DataSet\NWPU VHR-10 dataset\positive image set\train\089.jpg,F:\DataSet\NWPU VHR-10 dataset\positive image set\train\089.txt
60,F:\DataSet\NWPU VHR-10 dataset\positive image set\train\090.jpg,F:\DataSet\NWPU VHR-10 dataset\positive image set\train\090.txt
61,F:\DataSet\NWPU VHR-10 dataset\positive image set\train\091.jpg,F:\DataSet\NWPU VHR-10 dataset\positive image set\train\091.txt
62,F:\DataSet\NWPU VHR-10 dataset\positive image set\train\092.jpg,F:\DataSet\NWPU VHR-10 dataset\positive image set\train\092.txt
63,F:\DataSet\NWPU VHR-10 dataset\positive image set\train\093.jpg,F:\DataSet\NWPU VHR-10 dataset\positive image set\train\093.txt
64,F:\DataSet\NWPU VHR-10 dataset\positive image set\train\094.jpg,F:\DataSet\NWPU VHR-10 dataset\positive image set\train\094.txt
65,F:\DataSet\NWPU VHR-10 dataset\positive image set\train\096.jpg,F:\DataSet\NWPU VHR-10 dataset\positive image set\train\096.txt
66,F:\DataSet\NWPU VHR-10 dataset\positive image set\train\097.jpg,F:\DataSet\NWPU VHR-10 dataset\positive image set\train\097.txt
67,F:\DataSet\NWPU VHR-10 dataset\positive image set\train\099.jpg,F:\DataSet\NWPU VHR-10 dataset\positive image set\train\099.txt
68,F:\DataSet\NWPU VHR-10 dataset\positive image set\train\100.jpg,F:\DataSet\NWPU VHR-10 dataset\positive image set\train\100.txt
69,F:\DataSet\NWPU VHR-10 dataset\positive image set\train\101.jpg,F:\DataSet\NWPU VHR-10 dataset\positive image set\train\101.txt
70,F:\DataSet\NWPU VHR-10 dataset\positive image set\train\102.jpg,F:\DataSet\NWPU VHR-10 dataset\positive image set\train\102.txt
71,F:\DataSet\NWPU VHR-10 dataset\positive image set\train\106.jpg,F:\DataSet\NWPU VHR-10 dataset\positive image set\train\106.txt
72,F:\DataSet\NWPU VHR-10 dataset\positive image set\train\107.jpg,F:\DataSet\NWPU VHR-10 dataset\positive image set\train\107.txt
73,F:\DataSet\NWPU VHR-10 dataset\positive image set\train\108.jpg,F:\DataSet\NWPU VHR-10 dataset\positive image set\train\108.txt
74,F:\DataSet\NWPU VHR-10 dataset\positive image set\train\110.jpg,F:\DataSet\NWPU VHR-10 dataset\positive image set\train\110.txt
75,F:\DataSet\NWPU VHR-10 dataset\positive image set\train\111.jpg,F:\DataSet\NWPU VHR-10 dataset\positive image set\train\111.txt
76,F:\DataSet\NWPU VHR-10 dataset\positive image set\train\112.jpg,F:\DataSet\NWPU VHR-10 dataset\positive image set\train\112.txt
77,F:\DataSet\NWPU VHR-10 dataset\positive image set\train\113.jpg,F:\DataSet\NWPU VHR-10 dataset\positive image set\train\113.txt
78,F:\DataSet\NWPU VHR-10 dataset\positive image set\train\114.jpg,F:\DataSet\NWPU VHR-10 dataset\positive image set\train\114.txt
79,F:\DataSet\NWPU VHR-10 dataset\positive image set\train\115.jpg,F:\DataSet\NWPU VHR-10 dataset\positive image set\train\115.txt
80,F:\DataSet\NWPU VHR-10 dataset\positive image set\train\116.jpg,F:\DataSet\NWPU VHR-10 dataset\positive image set\train\116.txt
81,F:\DataSet\NWPU VHR-10 dataset\positive image set\train\117.jpg,F:\DataSet\NWPU VHR-10 dataset\positive image set\train\117.txt
82,F:\DataSet\NWPU VHR-10 dataset\positive image set\train\118.jpg,F:\DataSet\NWPU VHR-10 dataset\positive image set\train\118.txt
83,F:\DataSet\NWPU VHR-10 dataset\positive image set\train\119.jpg,F:\DataSet\NWPU VHR-10 dataset\positive image set\train\119.txt
84,F:\DataSet\NWPU VHR-10 dataset\positive image set\train\120.jpg,F:\DataSet\NWPU VHR-10 dataset\positive image set\train\120.txt
85,F:\DataSet\NWPU VHR-10 dataset\positive image set\train\122.jpg,F:\DataSet\NWPU VHR-10 dataset\positive image set\train\122.txt
86,F:\DataSet\NWPU VHR-10 dataset\positive image set\train\123.jpg,F:\DataSet\NWPU VHR-10 dataset\positive image set\train\123.txt
87,F:\DataSet\NWPU VHR-10 dataset\positive image set\train\124.jpg,F:\DataSet\NWPU VHR-10 dataset\positive image set\train\124.txt
88,F:\DataSet\NWPU VHR-10 dataset\positive image set\train\125.jpg,F:\DataSet\NWPU VHR-10 dataset\positive image set\train\125.txt
89,F:\DataSet\NWPU VHR-10 dataset\positive image set\train\126.jpg,F:\DataSet\NWPU VHR-10 dataset\positive image set\train\126.txt
90,F:\DataSet\NWPU VHR-10 dataset\positive image set\train\128.jpg,F:\DataSet\NWPU VHR-10 dataset\positive image set\train\128.txt
91,F:\DataSet\NWPU VHR-10 dataset\positive image set\train\129.jpg,F:\DataSet\NWPU VHR-10 dataset\positive image set\train\129.txt
92,F:\DataSet\NWPU VHR-10 dataset\positive image set\train\130.jpg,F:\DataSet\NWPU VHR-10 dataset\positive image set\train\130.txt
93,F:\DataSet\NWPU VHR-10 dataset\positive image set\train\133.jpg,F:\DataSet\NWPU VHR-10 dataset\positive image set\train\133.txt
94,F:\DataSet\NWPU VHR-10 dataset\positive image set\train\135.jpg,F:\DataSet\NWPU VHR-10 dataset\positive image set\train\135.txt
95,F:\DataSet\NWPU VHR-10 dataset\positive image set\train\136.jpg,F:\DataSet\NWPU VHR-10 dataset\positive image set\train\136.txt
96,F:\DataSet\NWPU VHR-10 dataset\positive image set\train\138.jpg,F:\DataSet\NWPU VHR-10 dataset\positive image set\train\138.txt
97,F:\DataSet\NWPU VHR-10 dataset\positive image set\train\142.jpg,F:\DataSet\NWPU VHR-10 dataset\positive image set\train\142.txt
98,F:\DataSet\NWPU VHR-10 dataset\positive image set\train\143.jpg,F:\DataSet\NWPU VHR-10 dataset\positive image set\train\143.txt
99,F:\DataSet\NWPU VHR-10 dataset\positive image set\train\144.jpg,F:\DataSet\NWPU VHR-10 dataset\positive image set\train\144.txt
100,F:\DataSet\NWPU VHR-10 dataset\positive image set\train\145.jpg,F:\DataSet\NWPU VHR-10 dataset\positive image set\train\145.txt
101,F:\DataSet\NWPU VHR-10 dataset\positive image set\train\146.jpg,F:\DataSet\NWPU VHR-10 dataset\positive image set\train\146.txt
102,F:\DataSet\NWPU VHR-10 dataset\positive image set\train\147.jpg,F:\DataSet\NWPU VHR-10 dataset\positive image set\train\147.txt
103,F:\DataSet\NWPU VHR-10 dataset\positive image set\train\148.jpg,F:\DataSet\NWPU VHR-10 dataset\positive image set\train\148.txt
104,F:\DataSet\NWPU VHR-10 dataset\positive image set\train\149.jpg,F:\DataSet\NWPU VHR-10 dataset\positive image set\train\149.txt
105,F:\DataSet\NWPU VHR-10 dataset\positive image set\train\150.jpg,F:\DataSet\NWPU VHR-10 dataset\positive image set\train\150.txt
106,F:\DataSet\NWPU VHR-10 dataset\positive image set\train\151.jpg,F:\DataSet\NWPU VHR-10 dataset\positive image set\train\151.txt
107,F:\DataSet\NWPU VHR-10 dataset\positive image set\train\152.jpg,F:\DataSet\NWPU VHR-10 dataset\positive image set\train\152.txt
108,F:\DataSet\NWPU VHR-10 dataset\positive image set\train\155.jpg,F:\DataSet\NWPU VHR-10 dataset\positive image set\train\155.txt
109,F:\DataSet\NWPU VHR-10 dataset\positive image set\train\156.jpg,F:\DataSet\NWPU VHR-10 dataset\positive image set\train\156.txt
110,F:\DataSet\NWPU VHR-10 dataset\positive image set\train\157.jpg,F:\DataSet\NWPU VHR-10 dataset\positive image set\train\157.txt
111,F:\DataSet\NWPU VHR-10 dataset\positive image set\train\158.jpg,F:\DataSet\NWPU VHR-10 dataset\positive image set\train\158.txt
112,F:\DataSet\NWPU VHR-10 dataset\positive image set\train\159.jpg,F:\DataSet\NWPU VHR-10 dataset\positive image set\train\159.txt
113,F:\DataSet\NWPU VHR-10 dataset\positive image set\train\160.jpg,F:\DataSet\NWPU VHR-10 dataset\positive image set\train\160.txt
114,F:\DataSet\NWPU VHR-10 dataset\positive image set\train\163.jpg,F:\DataSet\NWPU VHR-10 dataset\positive image set\train\163.txt
115,F:\DataSet\NWPU VHR-10 dataset\positive image set\train\165.jpg,F:\DataSet\NWPU VHR-10 dataset\positive image set\train\165.txt
116,F:\DataSet\NWPU VHR-10 dataset\positive image set\train\168.jpg,F:\DataSet\NWPU VHR-10 dataset\positive image set\train\168.txt
117,F:\DataSet\NWPU VHR-10 dataset\positive image set\train\169.jpg,F:\DataSet\NWPU VHR-10 dataset\positive image set\train\169.txt
118,F:\DataSet\NWPU VHR-10 dataset\positive image set\train\172.jpg,F:\DataSet\NWPU VHR-10 dataset\positive image set\train\172.txt
119,F:\DataSet\NWPU VHR-10 dataset\positive image set\train\174.jpg,F:\DataSet\NWPU VHR-10 dataset\positive image set\train\174.txt
120,F:\DataSet\NWPU VHR-10 dataset\positive image set\train\176.jpg,F:\DataSet\NWPU VHR-10 dataset\positive image set\train\176.txt
121,F:\DataSet\NWPU VHR-10 dataset\positive image set\train\179.jpg,F:\DataSet\NWPU VHR-10 dataset\positive image set\train\179.txt
122,F:\DataSet\NWPU VHR-10 dataset\positive image set\train\180.jpg,F:\DataSet\NWPU VHR-10 dataset\positive image set\train\180.txt
123,F:\DataSet\NWPU VHR-10 dataset\positive image set\train\181.jpg,F:\DataSet\NWPU VHR-10 dataset\positive image set\train\181.txt
124,F:\DataSet\NWPU VHR-10 dataset\positive image set\train\182.jpg,F:\DataSet\NWPU VHR-10 dataset\positive image set\train\182.txt
125,F:\DataSet\NWPU VHR-10 dataset\positive image set\train\183.jpg,F:\DataSet\NWPU VHR-10 dataset\positive image set\train\183.txt
126,F:\DataSet\NWPU VHR-10 dataset\positive image set\train\184.jpg,F:\DataSet\NWPU VHR-10 dataset\positive image set\train\184.txt
127,F:\DataSet\NWPU VHR-10 dataset\positive image set\train\187.jpg,F:\DataSet\NWPU VHR-10 dataset\positive image set\train\187.txt
128,F:\DataSet\NWPU VHR-10 dataset\positive image set\train\188.jpg,F:\DataSet\NWPU VHR-10 dataset\positive image set\train\188.txt
129,F:\DataSet\NWPU VHR-10 dataset\positive image set\train\189.jpg,F:\DataSet\NWPU VHR-10 dataset\positive image set\train\189.txt
130,F:\DataSet\NWPU VHR-10 dataset\positive image set\train\190.jpg,F:\DataSet\NWPU VHR-10 dataset\positive image set\train\190.txt
131,F:\DataSet\NWPU VHR-10 dataset\positive image set\train\191.jpg,F:\DataSet\NWPU VHR-10 dataset\positive image set\train\191.txt
132,F:\DataSet\NWPU VHR-10 dataset\positive image set\train\195.jpg,F:\DataSet\NWPU VHR-10 dataset\positive image set\train\195.txt
133,F:\DataSet\NWPU VHR-10 dataset\positive image set\train\196.jpg,F:\DataSet\NWPU VHR-10 dataset\positive image set\train\196.txt
134,F:\DataSet\NWPU VHR-10 dataset\positive image set\train\197.jpg,F:\DataSet\NWPU VHR-10 dataset\positive image set\train\197.txt
135,F:\DataSet\NWPU VHR-10 dataset\positive image set\train\198.jpg,F:\DataSet\NWPU VHR-10 dataset\positive image set\train\198.txt
136,F:\DataSet\NWPU VHR-10 dataset\positive image set\train\200.jpg,F:\DataSet\NWPU VHR-10 dataset\positive image set\train\200.txt
137,F:\DataSet\NWPU VHR-10 dataset\positive image set\train\201.jpg,F:\DataSet\NWPU VHR-10 dataset\positive image set\train\201.txt
138,F:\DataSet\NWPU VHR-10 dataset\positive image set\train\202.jpg,F:\DataSet\NWPU VHR-10 dataset\positive image set\train\202.txt
139,F:\DataSet\NWPU VHR-10 dataset\positive image set\train\203.jpg,F:\DataSet\NWPU VHR-10 dataset\positive image set\train\203.txt
140,F:\DataSet\NWPU VHR-10 dataset\positive image set\train\204.jpg,F:\DataSet\NWPU VHR-10 dataset\positive image set\train\204.txt
141,F:\DataSet\NWPU VHR-10 dataset\positive image set\train\206.jpg,F:\DataSet\NWPU VHR-10 dataset\positive image set\train\206.txt
142,F:\DataSet\NWPU VHR-10 dataset\positive image set\train\207.jpg,F:\DataSet\NWPU VHR-10 dataset\positive image set\train\207.txt
143,F:\DataSet\NWPU VHR-10 dataset\positive image set\train\208.jpg,F:\DataSet\NWPU VHR-10 dataset\positive image set\train\208.txt
144,F:\DataSet\NWPU VHR-10 dataset\positive image set\train\209.jpg,F:\DataSet\NWPU VHR-10 dataset\positive image set\train\209.txt
145,F:\DataSet\NWPU VHR-10 dataset\positive image set\train\211.jpg,F:\DataSet\NWPU VHR-10 dataset\positive image set\train\211.txt
146,F:\DataSet\NWPU VHR-10 dataset\positive image set\train\214.jpg,F:\DataSet\NWPU VHR-10 dataset\positive image set\train\214.txt
147,F:\DataSet\NWPU VHR-10 dataset\positive image set\train\217.jpg,F:\DataSet\NWPU VHR-10 dataset\positive image set\train\217.txt
148,F:\DataSet\NWPU VHR-10 dataset\positive image set\train\218.jpg,F:\DataSet\NWPU VHR-10 dataset\positive image set\train\218.txt
149,F:\DataSet\NWPU VHR-10 dataset\positive image set\train\220.jpg,F:\DataSet\NWPU VHR-10 dataset\positive image set\train\220.txt
150,F:\DataSet\NWPU VHR-10 dataset\positive image set\train\221.jpg,F:\DataSet\NWPU VHR-10 dataset\positive image set\train\221.txt
151,F:\DataSet\NWPU VHR-10 dataset\positive image set\train\223.jpg,F:\DataSet\NWPU VHR-10 dataset\positive image set\train\223.txt
152,F:\DataSet\NWPU VHR-10 dataset\positive image set\train\224.jpg,F:\DataSet\NWPU VHR-10 dataset\positive image set\train\224.txt
153,F:\DataSet\NWPU VHR-10 dataset\positive image set\train\225.jpg,F:\DataSet\NWPU VHR-10 dataset\positive image set\train\225.txt
154,F:\DataSet\NWPU VHR-10 dataset\positive image set\train\226.jpg,F:\DataSet\NWPU VHR-10 dataset\positive image set\train\226.txt
155,F:\DataSet\NWPU VHR-10 dataset\positive image set\train\227.jpg,F:\DataSet\NWPU VHR-10 dataset\positive image set\train\227.txt
156,F:\DataSet\NWPU VHR-10 dataset\positive image set\train\228.jpg,F:\DataSet\NWPU VHR-10 dataset\positive image set\train\228.txt
157,F:\DataSet\NWPU VHR-10 dataset\positive image set\train\229.jpg,F:\DataSet\NWPU VHR-10 dataset\positive image set\train\229.txt
158,F:\DataSet\NWPU VHR-10 dataset\positive image set\train\230.jpg,F:\DataSet\NWPU VHR-10 dataset\positive image set\train\230.txt
159,F:\DataSet\NWPU VHR-10 dataset\positive image set\train\231.jpg,F:\DataSet\NWPU VHR-10 dataset\positive image set\train\231.txt
160,F:\DataSet\NWPU VHR-10 dataset\positive image set\train\232.jpg,F:\DataSet\NWPU VHR-10 dataset\positive image set\train\232.txt
161,F:\DataSet\NWPU VHR-10 dataset\positive image set\train\234.jpg,F:\DataSet\NWPU VHR-10 dataset\positive image set\train\234.txt
162,F:\DataSet\NWPU VHR-10 dataset\positive image set\train\237.jpg,F:\DataSet\NWPU VHR-10 dataset\positive image set\train\237.txt
163,F:\DataSet\NWPU VHR-10 dataset\positive image set\train\239.jpg,F:\DataSet\NWPU VHR-10 dataset\positive image set\train\239.txt
164,F:\DataSet\NWPU VHR-10 dataset\positive image set\train\240.jpg,F:\DataSet\NWPU VHR-10 dataset\positive image set\train\240.txt
165,F:\DataSet\NWPU VHR-10 dataset\positive image set\train\241.jpg,F:\DataSet\NWPU VHR-10 dataset\positive image set\train\241.txt
166,F:\DataSet\NWPU VHR-10 dataset\positive image set\train\242.jpg,F:\DataSet\NWPU VHR-10 dataset\positive image set\train\242.txt
167,F:\DataSet\NWPU VHR-10 dataset\positive image set\train\243.jpg,F:\DataSet\NWPU VHR-10 dataset\positive image set\train\243.txt
168,F:\DataSet\NWPU VHR-10 dataset\positive image set\train\245.jpg,F:\DataSet\NWPU VHR-10 dataset\positive image set\train\245.txt
169,F:\DataSet\NWPU VHR-10 dataset\positive image set\train\248.jpg,F:\DataSet\NWPU VHR-10 dataset\positive image set\train\248.txt
170,F:\DataSet\NWPU VHR-10 dataset\positive image set\train\251.jpg,F:\DataSet\NWPU VHR-10 dataset\positive image set\train\251.txt
171,F:\DataSet\NWPU VHR-10 dataset\positive image set\train\252.jpg,F:\DataSet\NWPU VHR-10 dataset\positive image set\train\252.txt
172,F:\DataSet\NWPU VHR-10 dataset\positive image set\train\253.jpg,F:\DataSet\NWPU VHR-10 dataset\positive image set\train\253.txt
173,F:\DataSet\NWPU VHR-10 dataset\positive image set\train\254.jpg,F:\DataSet\NWPU VHR-10 dataset\positive image set\train\254.txt
174,F:\DataSet\NWPU VHR-10 dataset\positive image set\train\256.jpg,F:\DataSet\NWPU VHR-10 dataset\positive image set\train\256.txt
175,F:\DataSet\NWPU VHR-10 dataset\positive image set\train\257.jpg,F:\DataSet\NWPU VHR-10 dataset\positive image set\train\257.txt
176,F:\DataSet\NWPU VHR-10 dataset\positive image set\train\258.jpg,F:\DataSet\NWPU VHR-10 dataset\positive image set\train\258.txt
177,F:\DataSet\NWPU VHR-10 dataset\positive image set\train\259.jpg,F:\DataSet\NWPU VHR-10 dataset\positive image set\train\259.txt
178,F:\DataSet\NWPU VHR-10 dataset\positive image set\train\261.jpg,F:\DataSet\NWPU VHR-10 dataset\positive image set\train\261.txt
179,F:\DataSet\NWPU VHR-10 dataset\positive image set\train\262.jpg,F:\DataSet\NWPU VHR-10 dataset\positive image set\train\262.txt
180,F:\DataSet\NWPU VHR-10 dataset\positive image set\train\263.jpg,F:\DataSet\NWPU VHR-10 dataset\positive image set\train\263.txt
181,F:\DataSet\NWPU VHR-10 dataset\positive image set\train\264.jpg,F:\DataSet\NWPU VHR-10 dataset\positive image set\train\264.txt
182,F:\DataSet\NWPU VHR-10 dataset\positive image set\train\265.jpg,F:\DataSet\NWPU VHR-10 dataset\positive image set\train\265.txt
183,F:\DataSet\NWPU VHR-10 dataset\positive image set\train\266.jpg,F:\DataSet\NWPU VHR-10 dataset\positive image set\train\266.txt
184,F:\DataSet\NWPU VHR-10 dataset\positive image set\train\267.jpg,F:\DataSet\NWPU VHR-10 dataset\positive image set\train\267.txt
185,F:\DataSet\NWPU VHR-10 dataset\positive image set\train\269.jpg,F:\DataSet\NWPU VHR-10 dataset\positive image set\train\269.txt
186,F:\DataSet\NWPU VHR-10 dataset\positive image set\train\270.jpg,F:\DataSet\NWPU VHR-10 dataset\positive image set\train\270.txt
187,F:\DataSet\NWPU VHR-10 dataset\positive image set\train\273.jpg,F:\DataSet\NWPU VHR-10 dataset\positive image set\train\273.txt
188,F:\DataSet\NWPU VHR-10 dataset\positive image set\train\274.jpg,F:\DataSet\NWPU VHR-10 dataset\positive image set\train\274.txt
189,F:\DataSet\NWPU VHR-10 dataset\positive image set\train\275.jpg,F:\DataSet\NWPU VHR-10 dataset\positive image set\train\275.txt
190,F:\DataSet\NWPU VHR-10 dataset\positive image set\train\276.jpg,F:\DataSet\NWPU VHR-10 dataset\positive image set\train\276.txt
191,F:\DataSet\NWPU VHR-10 dataset\positive image set\train\277.jpg,F:\DataSet\NWPU VHR-10 dataset\positive image set\train\277.txt
192,F:\DataSet\NWPU VHR-10 dataset\positive image set\train\279.jpg,F:\DataSet\NWPU VHR-10 dataset\positive image set\train\279.txt
193,F:\DataSet\NWPU VHR-10 dataset\positive image set\train\280.jpg,F:\DataSet\NWPU VHR-10 dataset\positive image set\train\280.txt
194,F:\DataSet\NWPU VHR-10 dataset\positive image set\train\281.jpg,F:\DataSet\NWPU VHR-10 dataset\positive image set\train\281.txt
195,F:\DataSet\NWPU VHR-10 dataset\positive image set\train\282.jpg,F:\DataSet\NWPU VHR-10 dataset\positive image set\train\282.txt
196,F:\DataSet\NWPU VHR-10 dataset\positive image set\train\283.jpg,F:\DataSet\NWPU VHR-10 dataset\positive image set\train\283.txt
197,F:\DataSet\NWPU VHR-10 dataset\positive image set\train\284.jpg,F:\DataSet\NWPU VHR-10 dataset\positive image set\train\284.txt
198,F:\DataSet\NWPU VHR-10 dataset\positive image set\train\285.jpg,F:\DataSet\NWPU VHR-10 dataset\positive image set\train\285.txt
199,F:\DataSet\NWPU VHR-10 dataset\positive image set\train\287.jpg,F:\DataSet\NWPU VHR-10 dataset\positive image set\train\287.txt
200,F:\DataSet\NWPU VHR-10 dataset\positive image set\train\288.jpg,F:\DataSet\NWPU VHR-10 dataset\positive image set\train\288.txt
201,F:\DataSet\NWPU VHR-10 dataset\positive image set\train\289.jpg,F:\DataSet\NWPU VHR-10 dataset\positive image set\train\289.txt
202,F:\DataSet\NWPU VHR-10 dataset\positive image set\train\290.jpg,F:\DataSet\NWPU VHR-10 dataset\positive image set\train\290.txt
203,F:\DataSet\NWPU VHR-10 dataset\positive image set\train\291.jpg,F:\DataSet\NWPU VHR-10 dataset\positive image set\train\291.txt
204,F:\DataSet\NWPU VHR-10 dataset\positive image set\train\293.jpg,F:\DataSet\NWPU VHR-10 dataset\positive image set\train\293.txt
205,F:\DataSet\NWPU VHR-10 dataset\positive image set\train\295.jpg,F:\DataSet\NWPU VHR-10 dataset\positive image set\train\295.txt
206,F:\DataSet\NWPU VHR-10 dataset\positive image set\train\298.jpg,F:\DataSet\NWPU VHR-10 dataset\positive image set\train\298.txt
207,F:\DataSet\NWPU VHR-10 dataset\positive image set\train\300.jpg,F:\DataSet\NWPU VHR-10 dataset\positive image set\train\300.txt
208,F:\DataSet\NWPU VHR-10 dataset\positive image set\train\302.jpg,F:\DataSet\NWPU VHR-10 dataset\positive image set\train\302.txt
209,F:\DataSet\NWPU VHR-10 dataset\positive image set\train\308.jpg,F:\DataSet\NWPU VHR-10 dataset\positive image set\train\308.txt
210,F:\DataSet\NWPU VHR-10 dataset\positive image set\train\309.jpg,F:\DataSet\NWPU VHR-10 dataset\positive image set\train\309.txt
211,F:\DataSet\NWPU VHR-10 dataset\positive image set\train\310.jpg,F:\DataSet\NWPU VHR-10 dataset\positive image set\train\310.txt
212,F:\DataSet\NWPU VHR-10 dataset\positive image set\train\311.jpg,F:\DataSet\NWPU VHR-10 dataset\positive image set\train\311.txt
213,F:\DataSet\NWPU VHR-10 dataset\positive image set\train\313.jpg,F:\DataSet\NWPU VHR-10 dataset\positive image set\train\313.txt
214,F:\DataSet\NWPU VHR-10 dataset\positive image set\train\314.jpg,F:\DataSet\NWPU VHR-10 dataset\positive image set\train\314.txt
215,F:\DataSet\NWPU VHR-10 dataset\positive image set\train\315.jpg,F:\DataSet\NWPU VHR-10 dataset\positive image set\train\315.txt
216,F:\DataSet\NWPU VHR-10 dataset\positive image set\train\316.jpg,F:\DataSet\NWPU VHR-10 dataset\positive image set\train\316.txt
217,F:\DataSet\NWPU VHR-10 dataset\positive image set\train\317.jpg,F:\DataSet\NWPU VHR-10 dataset\positive image set\train\317.txt
218,F:\DataSet\NWPU VHR-10 dataset\positive image set\train\319.jpg,F:\DataSet\NWPU VHR-10 dataset\positive image set\train\319.txt
219,F:\DataSet\NWPU VHR-10 dataset\positive image set\train\320.jpg,F:\DataSet\NWPU VHR-10 dataset\positive image set\train\320.txt
220,F:\DataSet\NWPU VHR-10 dataset\positive image set\train\321.jpg,F:\DataSet\NWPU VHR-10 dataset\positive image set\train\321.txt
221,F:\DataSet\NWPU VHR-10 dataset\positive image set\train\322.jpg,F:\DataSet\NWPU VHR-10 dataset\positive image set\train\322.txt
222,F:\DataSet\NWPU VHR-10 dataset\positive image set\train\323.jpg,F:\DataSet\NWPU VHR-10 dataset\positive image set\train\323.txt
223,F:\DataSet\NWPU VHR-10 dataset\positive image set\train\324.jpg,F:\DataSet\NWPU VHR-10 dataset\positive image set\train\324.txt
224,F:\DataSet\NWPU VHR-10 dataset\positive image set\train\326.jpg,F:\DataSet\NWPU VHR-10 dataset\positive image set\train\326.txt
225,F:\DataSet\NWPU VHR-10 dataset\positive image set\train\330.jpg,F:\DataSet\NWPU VHR-10 dataset\positive image set\train\330.txt
226,F:\DataSet\NWPU VHR-10 dataset\positive image set\train\332.jpg,F:\DataSet\NWPU VHR-10 dataset\positive image set\train\332.txt
227,F:\DataSet\NWPU VHR-10 dataset\positive image set\train\333.jpg,F:\DataSet\NWPU VHR-10 dataset\positive image set\train\333.txt
228,F:\DataSet\NWPU VHR-10 dataset\positive image set\train\337.jpg,F:\DataSet\NWPU VHR-10 dataset\positive image set\train\337.txt
229,F:\DataSet\NWPU VHR-10 dataset\positive image set\train\338.jpg,F:\DataSet\NWPU VHR-10 dataset\positive image set\train\338.txt
230,F:\DataSet\NWPU VHR-10 dataset\positive image set\train\339.jpg,F:\DataSet\NWPU VHR-10 dataset\positive image set\train\339.txt
231,F:\DataSet\NWPU VHR-10 dataset\positive image set\train\340.jpg,F:\DataSet\NWPU VHR-10 dataset\positive image set\train\340.txt
232,F:\DataSet\NWPU VHR-10 dataset\positive image set\train\341.jpg,F:\DataSet\NWPU VHR-10 dataset\positive image set\train\341.txt
233,F:\DataSet\NWPU VHR-10 dataset\positive image set\train\344.jpg,F:\DataSet\NWPU VHR-10 dataset\positive image set\train\344.txt
234,F:\DataSet\NWPU VHR-10 dataset\positive image set\train\345.jpg,F:\DataSet\NWPU VHR-10 dataset\positive image set\train\345.txt
235,F:\DataSet\NWPU VHR-10 dataset\positive image set\train\347.jpg,F:\DataSet\NWPU VHR-10 dataset\positive image set\train\347.txt
236,F:\DataSet\NWPU VHR-10 dataset\positive image set\train\349.jpg,F:\DataSet\NWPU VHR-10 dataset\positive image set\train\349.txt
237,F:\DataSet\NWPU VHR-10 dataset\positive image set\train\350.jpg,F:\DataSet\NWPU VHR-10 dataset\positive image set\train\350.txt
238,F:\DataSet\NWPU VHR-10 dataset\positive image set\train\351.jpg,F:\DataSet\NWPU VHR-10 dataset\positive image set\train\351.txt
239,F:\DataSet\NWPU VHR-10 dataset\positive image set\train\352.jpg,F:\DataSet\NWPU VHR-10 dataset\positive image set\train\352.txt
240,F:\DataSet\NWPU VHR-10 dataset\positive image set\train\353.jpg,F:\DataSet\NWPU VHR-10 dataset\positive image set\train\353.txt
241,F:\DataSet\NWPU VHR-10 dataset\positive image set\train\354.jpg,F:\DataSet\NWPU VHR-10 dataset\positive image set\train\354.txt
242,F:\DataSet\NWPU VHR-10 dataset\positive image set\train\355.jpg,F:\DataSet\NWPU VHR-10 dataset\positive image set\train\355.txt
243,F:\DataSet\NWPU VHR-10 dataset\positive image set\train\359.jpg,F:\DataSet\NWPU VHR-10 dataset\positive image set\train\359.txt
244,F:\DataSet\NWPU VHR-10 dataset\positive image set\train\360.jpg,F:\DataSet\NWPU VHR-10 dataset\positive image set\train\360.txt
245,F:\DataSet\NWPU VHR-10 dataset\positive image set\train\361.jpg,F:\DataSet\NWPU VHR-10 dataset\positive image set\train\361.txt
246,F:\DataSet\NWPU VHR-10 dataset\positive image set\train\362.jpg,F:\DataSet\NWPU VHR-10 dataset\positive image set\train\362.txt
247,F:\DataSet\NWPU VHR-10 dataset\positive image set\train\363.jpg,F:\DataSet\NWPU VHR-10 dataset\positive image set\train\363.txt
248,F:\DataSet\NWPU VHR-10 dataset\positive image set\train\364.jpg,F:\DataSet\NWPU VHR-10 dataset\positive image set\train\364.txt
249,F:\DataSet\NWPU VHR-10 dataset\positive image set\train\365.jpg,F:\DataSet\NWPU VHR-10 dataset\positive image set\train\365.txt
250,F:\DataSet\NWPU VHR-10 dataset\positive image set\train\367.jpg,F:\DataSet\NWPU VHR-10 dataset\positive image set\train\367.txt
251,F:\DataSet\NWPU VHR-10 dataset\positive image set\train\368.jpg,F:\DataSet\NWPU VHR-10 dataset\positive image set\train\368.txt
252,F:\DataSet\NWPU VHR-10 dataset\positive image set\train\369.jpg,F:\DataSet\NWPU VHR-10 dataset\positive image set\train\369.txt
253,F:\DataSet\NWPU VHR-10 dataset\positive image set\train\370.jpg,F:\DataSet\NWPU VHR-10 dataset\positive image set\train\370.txt
254,F:\DataSet\NWPU VHR-10 dataset\positive image set\train\372.jpg,F:\DataSet\NWPU VHR-10 dataset\positive image set\train\372.txt
255,F:\DataSet\NWPU VHR-10 dataset\positive image set\train\374.jpg,F:\DataSet\NWPU VHR-10 dataset\positive image set\train\374.txt
256,F:\DataSet\NWPU VHR-10 dataset\positive image set\train\375.jpg,F:\DataSet\NWPU VHR-10 dataset\positive image set\train\375.txt
257,F:\DataSet\NWPU VHR-10 dataset\positive image set\train\376.jpg,F:\DataSet\NWPU VHR-10 dataset\positive image set\train\376.txt
258,F:\DataSet\NWPU VHR-10 dataset\positive image set\train\378.jpg,F:\DataSet\NWPU VHR-10 dataset\positive image set\train\378.txt
259,F:\DataSet\NWPU VHR-10 dataset\positive image set\train\379.jpg,F:\DataSet\NWPU VHR-10 dataset\positive image set\train\379.txt
260,F:\DataSet\NWPU VHR-10 dataset\positive image set\train\381.jpg,F:\DataSet\NWPU VHR-10 dataset\positive image set\train\381.txt
261,F:\DataSet\NWPU VHR-10 dataset\positive image set\train\382.jpg,F:\DataSet\NWPU VHR-10 dataset\positive image set\train\382.txt
262,F:\DataSet\NWPU VHR-10 dataset\positive image set\train\383.jpg,F:\DataSet\NWPU VHR-10 dataset\positive image set\train\383.txt
263,F:\DataSet\NWPU VHR-10 dataset\positive image set\train\384.jpg,F:\DataSet\NWPU VHR-10 dataset\positive image set\train\384.txt
264,F:\DataSet\NWPU VHR-10 dataset\positive image set\train\385.jpg,F:\DataSet\NWPU VHR-10 dataset\positive image set\train\385.txt
265,F:\DataSet\NWPU VHR-10 dataset\positive image set\train\386.jpg,F:\DataSet\NWPU VHR-10 dataset\positive image set\train\386.txt
266,F:\DataSet\NWPU VHR-10 dataset\positive image set\train\388.jpg,F:\DataSet\NWPU VHR-10 dataset\positive image set\train\388.txt
267,F:\DataSet\NWPU VHR-10 dataset\positive image set\train\390.jpg,F:\DataSet\NWPU VHR-10 dataset\positive image set\train\390.txt
268,F:\DataSet\NWPU VHR-10 dataset\positive image set\train\391.jpg,F:\DataSet\NWPU VHR-10 dataset\positive image set\train\391.txt
269,F:\DataSet\NWPU VHR-10 dataset\positive image set\train\392.jpg,F:\DataSet\NWPU VHR-10 dataset\positive image set\train\392.txt
270,F:\DataSet\NWPU VHR-10 dataset\positive image set\train\393.jpg,F:\DataSet\NWPU VHR-10 dataset\positive image set\train\393.txt
271,F:\DataSet\NWPU VHR-10 dataset\positive image set\train\394.jpg,F:\DataSet\NWPU VHR-10 dataset\positive image set\train\394.txt
272,F:\DataSet\NWPU VHR-10 dataset\positive image set\train\395.jpg,F:\DataSet\NWPU VHR-10 dataset\positive image set\train\395.txt
273,F:\DataSet\NWPU VHR-10 dataset\positive image set\train\397.jpg,F:\DataSet\NWPU VHR-10 dataset\positive image set\train\397.txt
274,F:\DataSet\NWPU VHR-10 dataset\positive image set\train\398.jpg,F:\DataSet\NWPU VHR-10 dataset\positive image set\train\398.txt
275,F:\DataSet\NWPU VHR-10 dataset\positive image set\train\399.jpg,F:\DataSet\NWPU VHR-10 dataset\positive image set\train\399.txt
276,F:\DataSet\NWPU VHR-10 dataset\positive image set\train\400.jpg,F:\DataSet\NWPU VHR-10 dataset\positive image set\train\400.txt
277,F:\DataSet\NWPU VHR-10 dataset\positive image set\train\401.jpg,F:\DataSet\NWPU VHR-10 dataset\positive image set\train\401.txt
278,F:\DataSet\NWPU VHR-10 dataset\positive image set\train\403.jpg,F:\DataSet\NWPU VHR-10 dataset\positive image set\train\403.txt
279,F:\DataSet\NWPU VHR-10 dataset\positive image set\train\405.jpg,F:\DataSet\NWPU VHR-10 dataset\positive image set\train\405.txt
280,F:\DataSet\NWPU VHR-10 dataset\positive image set\train\406.jpg,F:\DataSet\NWPU VHR-10 dataset\positive image set\train\406.txt
281,F:\DataSet\NWPU VHR-10 dataset\positive image set\train\407.jpg,F:\DataSet\NWPU VHR-10 dataset\positive image set\train\407.txt
282,F:\DataSet\NWPU VHR-10 dataset\positive image set\train\408.jpg,F:\DataSet\NWPU VHR-10 dataset\positive image set\train\408.txt
283,F:\DataSet\NWPU VHR-10 dataset\positive image set\train\409.jpg,F:\DataSet\NWPU VHR-10 dataset\positive image set\train\409.txt
284,F:\DataSet\NWPU VHR-10 dataset\positive image set\train\410.jpg,F:\DataSet\NWPU VHR-10 dataset\positive image set\train\410.txt
285,F:\DataSet\NWPU VHR-10 dataset\positive image set\train\411.jpg,F:\DataSet\NWPU VHR-10 dataset\positive image set\train\411.txt
286,F:\DataSet\NWPU VHR-10 dataset\positive image set\train\413.jpg,F:\DataSet\NWPU VHR-10 dataset\positive image set\train\413.txt
287,F:\DataSet\NWPU VHR-10 dataset\positive image set\train\415.jpg,F:\DataSet\NWPU VHR-10 dataset\positive image set\train\415.txt
288,F:\DataSet\NWPU VHR-10 dataset\positive image set\train\416.jpg,F:\DataSet\NWPU VHR-10 dataset\positive image set\train\416.txt
289,F:\DataSet\NWPU VHR-10 dataset\positive image set\train\417.jpg,F:\DataSet\NWPU VHR-10 dataset\positive image set\train\417.txt
290,F:\DataSet\NWPU VHR-10 dataset\positive image set\train\418.jpg,F:\DataSet\NWPU VHR-10 dataset\positive image set\train\418.txt
291,F:\DataSet\NWPU VHR-10 dataset\positive image set\train\419.jpg,F:\DataSet\NWPU VHR-10 dataset\positive image set\train\419.txt
292,F:\DataSet\NWPU VHR-10 dataset\positive image set\train\420.jpg,F:\DataSet\NWPU VHR-10 dataset\positive image set\train\420.txt
293,F:\DataSet\NWPU VHR-10 dataset\positive image set\train\421.jpg,F:\DataSet\NWPU VHR-10 dataset\positive image set\train\421.txt
294,F:\DataSet\NWPU VHR-10 dataset\positive image set\train\425.jpg,F:\DataSet\NWPU VHR-10 dataset\positive image set\train\425.txt
295,F:\DataSet\NWPU VHR-10 dataset\positive image set\train\426.jpg,F:\DataSet\NWPU VHR-10 dataset\positive image set\train\426.txt
296,F:\DataSet\NWPU VHR-10 dataset\positive image set\train\427.jpg,F:\DataSet\NWPU VHR-10 dataset\positive image set\train\427.txt
297,F:\DataSet\NWPU VHR-10 dataset\positive image set\train\428.jpg,F:\DataSet\NWPU VHR-10 dataset\positive image set\train\428.txt
298,F:\DataSet\NWPU VHR-10 dataset\positive image set\train\429.jpg,F:\DataSet\NWPU VHR-10 dataset\positive image set\train\429.txt
299,F:\DataSet\NWPU VHR-10 dataset\positive image set\train\430.jpg,F:\DataSet\NWPU VHR-10 dataset\positive image set\train\430.txt
300,F:\DataSet\NWPU VHR-10 dataset\positive image set\train\431.jpg,F:\DataSet\NWPU VHR-10 dataset\positive image set\train\431.txt
301,F:\DataSet\NWPU VHR-10 dataset\positive image set\train\432.jpg,F:\DataSet\NWPU VHR-10 dataset\positive image set\train\432.txt
302,F:\DataSet\NWPU VHR-10 dataset\positive image set\train\433.jpg,F:\DataSet\NWPU VHR-10 dataset\positive image set\train\433.txt
303,F:\DataSet\NWPU VHR-10 dataset\positive image set\train\434.jpg,F:\DataSet\NWPU VHR-10 dataset\positive image set\train\434.txt
304,F:\DataSet\NWPU VHR-10 dataset\positive image set\train\436.jpg,F:\DataSet\NWPU VHR-10 dataset\positive image set\train\436.txt
305,F:\DataSet\NWPU VHR-10 dataset\positive image set\train\437.jpg,F:\DataSet\NWPU VHR-10 dataset\positive image set\train\437.txt
306,F:\DataSet\NWPU VHR-10 dataset\positive image set\train\438.jpg,F:\DataSet\NWPU VHR-10 dataset\positive image set\train\438.txt
307,F:\DataSet\NWPU VHR-10 dataset\positive image set\train\440.jpg,F:\DataSet\NWPU VHR-10 dataset\positive image set\train\440.txt
308,F:\DataSet\NWPU VHR-10 dataset\positive image set\train\441.jpg,F:\DataSet\NWPU VHR-10 dataset\positive image set\train\441.txt
309,F:\DataSet\NWPU VHR-10 dataset\positive image set\train\443.jpg,F:\DataSet\NWPU VHR-10 dataset\positive image set\train\443.txt
310,F:\DataSet\NWPU VHR-10 dataset\positive image set\train\444.jpg,F:\DataSet\NWPU VHR-10 dataset\positive image set\train\444.txt
311,F:\DataSet\NWPU VHR-10 dataset\positive image set\train\446.jpg,F:\DataSet\NWPU VHR-10 dataset\positive image set\train\446.txt
312,F:\DataSet\NWPU VHR-10 dataset\positive image set\train\449.jpg,F:\DataSet\NWPU VHR-10 dataset\positive image set\train\449.txt
313,F:\DataSet\NWPU VHR-10 dataset\positive image set\train\451.jpg,F:\DataSet\NWPU VHR-10 dataset\positive image set\train\451.txt
314,F:\DataSet\NWPU VHR-10 dataset\positive image set\train\452.jpg,F:\DataSet\NWPU VHR-10 dataset\positive image set\train\452.txt
315,F:\DataSet\NWPU VHR-10 dataset\positive image set\train\453.jpg,F:\DataSet\NWPU VHR-10 dataset\positive image set\train\453.txt
316,F:\DataSet\NWPU VHR-10 dataset\positive image set\train\454.jpg,F:\DataSet\NWPU VHR-10 dataset\positive image set\train\454.txt
317,F:\DataSet\NWPU VHR-10 dataset\positive image set\train\455.jpg,F:\DataSet\NWPU VHR-10 dataset\positive image set\train\455.txt
318,F:\DataSet\NWPU VHR-10 dataset\positive image set\train\456.jpg,F:\DataSet\NWPU VHR-10 dataset\positive image set\train\456.txt
319,F:\DataSet\NWPU VHR-10 dataset\positive image set\train\457.jpg,F:\DataSet\NWPU VHR-10 dataset\positive image set\train\457.txt
320,F:\DataSet\NWPU VHR-10 dataset\positive image set\train\458.jpg,F:\DataSet\NWPU VHR-10 dataset\positive image set\train\458.txt
321,F:\DataSet\NWPU VHR-10 dataset\positive image set\train\460.jpg,F:\DataSet\NWPU VHR-10 dataset\positive image set\train\460.txt
322,F:\DataSet\NWPU VHR-10 dataset\positive image set\train\461.jpg,F:\DataSet\NWPU VHR-10 dataset\positive image set\train\461.txt
323,F:\DataSet\NWPU VHR-10 dataset\positive image set\train\462.jpg,F:\DataSet\NWPU VHR-10 dataset\positive image set\train\462.txt
324,F:\DataSet\NWPU VHR-10 dataset\positive image set\train\463.jpg,F:\DataSet\NWPU VHR-10 dataset\positive image set\train\463.txt
325,F:\DataSet\NWPU VHR-10 dataset\positive image set\train\464.jpg,F:\DataSet\NWPU VHR-10 dataset\positive image set\train\464.txt
326,F:\DataSet\NWPU VHR-10 dataset\positive image set\train\465.jpg,F:\DataSet\NWPU VHR-10 dataset\positive image set\train\465.txt
327,F:\DataSet\NWPU VHR-10 dataset\positive image set\train\466.jpg,F:\DataSet\NWPU VHR-10 dataset\positive image set\train\466.txt
328,F:\DataSet\NWPU VHR-10 dataset\positive image set\train\467.jpg,F:\DataSet\NWPU VHR-10 dataset\positive image set\train\467.txt
329,F:\DataSet\NWPU VHR-10 dataset\positive image set\train\468.jpg,F:\DataSet\NWPU VHR-10 dataset\positive image set\train\468.txt
330,F:\DataSet\NWPU VHR-10 dataset\positive image set\train\470.jpg,F:\DataSet\NWPU VHR-10 dataset\positive image set\train\470.txt
331,F:\DataSet\NWPU VHR-10 dataset\positive image set\train\471.jpg,F:\DataSet\NWPU VHR-10 dataset\positive image set\train\471.txt
332,F:\DataSet\NWPU VHR-10 dataset\positive image set\train\473.jpg,F:\DataSet\NWPU VHR-10 dataset\positive image set\train\473.txt
333,F:\DataSet\NWPU VHR-10 dataset\positive image set\train\474.jpg,F:\DataSet\NWPU VHR-10 dataset\positive image set\train\474.txt
334,F:\DataSet\NWPU VHR-10 dataset\positive image set\train\476.jpg,F:\DataSet\NWPU VHR-10 dataset\positive image set\train\476.txt
335,F:\DataSet\NWPU VHR-10 dataset\positive image set\train\477.jpg,F:\DataSet\NWPU VHR-10 dataset\positive image set\train\477.txt
336,F:\DataSet\NWPU VHR-10 dataset\positive image set\train\478.jpg,F:\DataSet\NWPU VHR-10 dataset\positive image set\train\478.txt
337,F:\DataSet\NWPU VHR-10 dataset\positive image set\train\479.jpg,F:\DataSet\NWPU VHR-10 dataset\positive image set\train\479.txt
338,F:\DataSet\NWPU VHR-10 dataset\positive image set\train\480.jpg,F:\DataSet\NWPU VHR-10 dataset\positive image set\train\480.txt
339,F:\DataSet\NWPU VHR-10 dataset\positive image set\train\481.jpg,F:\DataSet\NWPU VHR-10 dataset\positive image set\train\481.txt
340,F:\DataSet\NWPU VHR-10 dataset\positive image set\train\482.jpg,F:\DataSet\NWPU VHR-10 dataset\positive image set\train\482.txt
341,F:\DataSet\NWPU VHR-10 dataset\positive image set\train\484.jpg,F:\DataSet\NWPU VHR-10 dataset\positive image set\train\484.txt
342,F:\DataSet\NWPU VHR-10 dataset\positive image set\train\487.jpg,F:\DataSet\NWPU VHR-10 dataset\positive image set\train\487.txt
343,F:\DataSet\NWPU VHR-10 dataset\positive image set\train\488.jpg,F:\DataSet\NWPU VHR-10 dataset\positive image set\train\488.txt
344,F:\DataSet\NWPU VHR-10 dataset\positive image set\train\492.jpg,F:\DataSet\NWPU VHR-10 dataset\positive image set\train\492.txt
345,F:\DataSet\NWPU VHR-10 dataset\positive image set\train\494.jpg,F:\DataSet\NWPU VHR-10 dataset\positive image set\train\494.txt
346,F:\DataSet\NWPU VHR-10 dataset\positive image set\train\496.jpg,F:\DataSet\NWPU VHR-10 dataset\positive image set\train\496.txt
347,F:\DataSet\NWPU VHR-10 dataset\positive image set\train\498.jpg,F:\DataSet\NWPU VHR-10 dataset\positive image set\train\498.txt
348,F:\DataSet\NWPU VHR-10 dataset\positive image set\train\501.jpg,F:\DataSet\NWPU VHR-10 dataset\positive image set\train\501.txt
349,F:\DataSet\NWPU VHR-10 dataset\positive image set\train\502.jpg,F:\DataSet\NWPU VHR-10 dataset\positive image set\train\502.txt
350,F:\DataSet\NWPU VHR-10 dataset\positive image set\train\503.jpg,F:\DataSet\NWPU VHR-10 dataset\positive image set\train\503.txt
351,F:\DataSet\NWPU VHR-10 dataset\positive image set\train\504.jpg,F:\DataSet\NWPU VHR-10 dataset\positive image set\train\504.txt
352,F:\DataSet\NWPU VHR-10 dataset\positive image set\train\505.jpg,F:\DataSet\NWPU VHR-10 dataset\positive image set\train\505.txt
353,F:\DataSet\NWPU VHR-10 dataset\positive image set\train\507.jpg,F:\DataSet\NWPU VHR-10 dataset\positive image set\train\507.txt
354,F:\DataSet\NWPU VHR-10 dataset\positive image set\train\509.jpg,F:\DataSet\NWPU VHR-10 dataset\positive image set\train\509.txt
355,F:\DataSet\NWPU VHR-10 dataset\positive image set\train\510.jpg,F:\DataSet\NWPU VHR-10 dataset\positive image set\train\510.txt
356,F:\DataSet\NWPU VHR-10 dataset\positive image set\train\511.jpg,F:\DataSet\NWPU VHR-10 dataset\positive image set\train\511.txt
357,F:\DataSet\NWPU VHR-10 dataset\positive image set\train\512.jpg,F:\DataSet\NWPU VHR-10 dataset\positive image set\train\512.txt
358,F:\DataSet\NWPU VHR-10 dataset\positive image set\train\513.jpg,F:\DataSet\NWPU VHR-10 dataset\positive image set\train\513.txt
359,F:\DataSet\NWPU VHR-10 dataset\positive image set\train\514.jpg,F:\DataSet\NWPU VHR-10 dataset\positive image set\train\514.txt
360,F:\DataSet\NWPU VHR-10 dataset\positive image set\train\516.jpg,F:\DataSet\NWPU VHR-10 dataset\positive image set\train\516.txt
361,F:\DataSet\NWPU VHR-10 dataset\positive image set\train\517.jpg,F:\DataSet\NWPU VHR-10 dataset\positive image set\train\517.txt
362,F:\DataSet\NWPU VHR-10 dataset\positive image set\train\518.jpg,F:\DataSet\NWPU VHR-10 dataset\positive image set\train\518.txt
363,F:\DataSet\NWPU VHR-10 dataset\positive image set\train\519.jpg,F:\DataSet\NWPU VHR-10 dataset\positive image set\train\519.txt
364,F:\DataSet\NWPU VHR-10 dataset\positive image set\train\521.jpg,F:\DataSet\NWPU VHR-10 dataset\positive image set\train\521.txt
365,F:\DataSet\NWPU VHR-10 dataset\positive image set\train\523.jpg,F:\DataSet\NWPU VHR-10 dataset\positive image set\train\523.txt
366,F:\DataSet\NWPU VHR-10 dataset\positive image set\train\524.jpg,F:\DataSet\NWPU VHR-10 dataset\positive image set\train\524.txt
367,F:\DataSet\NWPU VHR-10 dataset\positive image set\train\526.jpg,F:\DataSet\NWPU VHR-10 dataset\positive image set\train\526.txt
368,F:\DataSet\NWPU VHR-10 dataset\positive image set\train\527.jpg,F:\DataSet\NWPU VHR-10 dataset\positive image set\train\527.txt
369,F:\DataSet\NWPU VHR-10 dataset\positive image set\train\528.jpg,F:\DataSet\NWPU VHR-10 dataset\positive image set\train\528.txt
370,F:\DataSet\NWPU VHR-10 dataset\positive image set\train\529.jpg,F:\DataSet\NWPU VHR-10 dataset\positive image set\train\529.txt
371,F:\DataSet\NWPU VHR-10 dataset\positive image set\train\532.jpg,F:\DataSet\NWPU VHR-10 dataset\positive image set\train\532.txt
372,F:\DataSet\NWPU VHR-10 dataset\positive image set\train\533.jpg,F:\DataSet\NWPU VHR-10 dataset\positive image set\train\533.txt
373,F:\DataSet\NWPU VHR-10 dataset\positive image set\train\536.jpg,F:\DataSet\NWPU VHR-10 dataset\positive image set\train\536.txt
374,F:\DataSet\NWPU VHR-10 dataset\positive image set\train\537.jpg,F:\DataSet\NWPU VHR-10 dataset\positive image set\train\537.txt
375,F:\DataSet\NWPU VHR-10 dataset\positive image set\train\539.jpg,F:\DataSet\NWPU VHR-10 dataset\positive image set\train\539.txt
376,F:\DataSet\NWPU VHR-10 dataset\positive image set\train\540.jpg,F:\DataSet\NWPU VHR-10 dataset\positive image set\train\540.txt
377,F:\DataSet\NWPU VHR-10 dataset\positive image set\train\541.jpg,F:\DataSet\NWPU VHR-10 dataset\positive image set\train\541.txt
378,F:\DataSet\NWPU VHR-10 dataset\positive image set\train\542.jpg,F:\DataSet\NWPU VHR-10 dataset\positive image set\train\542.txt
379,F:\DataSet\NWPU VHR-10 dataset\positive image set\train\543.jpg,F:\DataSet\NWPU VHR-10 dataset\positive image set\train\543.txt
380,F:\DataSet\NWPU VHR-10 dataset\positive image set\train\545.jpg,F:\DataSet\NWPU VHR-10 dataset\positive image set\train\545.txt
381,F:\DataSet\NWPU VHR-10 dataset\positive image set\train\549.jpg,F:\DataSet\NWPU VHR-10 dataset\positive image set\train\549.txt
382,F:\DataSet\NWPU VHR-10 dataset\positive image set\train\551.jpg,F:\DataSet\NWPU VHR-10 dataset\positive image set\train\551.txt
383,F:\DataSet\NWPU VHR-10 dataset\positive image set\train\554.jpg,F:\DataSet\NWPU VHR-10 dataset\positive image set\train\554.txt
384,F:\DataSet\NWPU VHR-10 dataset\positive image set\train\555.jpg,F:\DataSet\NWPU VHR-10 dataset\positive image set\train\555.txt
385,F:\DataSet\NWPU VHR-10 dataset\positive image set\train\556.jpg,F:\DataSet\NWPU VHR-10 dataset\positive image set\train\556.txt
386,F:\DataSet\NWPU VHR-10 dataset\positive image set\train\557.jpg,F:\DataSet\NWPU VHR-10 dataset\positive image set\train\557.txt
387,F:\DataSet\NWPU VHR-10 dataset\positive image set\train\559.jpg,F:\DataSet\NWPU VHR-10 dataset\positive image set\train\559.txt
388,F:\DataSet\NWPU VHR-10 dataset\positive image set\train\560.jpg,F:\DataSet\NWPU VHR-10 dataset\positive image set\train\560.txt
389,F:\DataSet\NWPU VHR-10 dataset\positive image set\train\561.jpg,F:\DataSet\NWPU VHR-10 dataset\positive image set\train\561.txt
390,F:\DataSet\NWPU VHR-10 dataset\positive image set\train\562.jpg,F:\DataSet\NWPU VHR-10 dataset\positive image set\train\562.txt
391,F:\DataSet\NWPU VHR-10 dataset\positive image set\train\563.jpg,F:\DataSet\NWPU VHR-10 dataset\positive image set\train\563.txt
392,F:\DataSet\NWPU VHR-10 dataset\positive image set\train\564.jpg,F:\DataSet\NWPU VHR-10 dataset\positive image set\train\564.txt
393,F:\DataSet\NWPU VHR-10 dataset\positive image set\train\565.jpg,F:\DataSet\NWPU VHR-10 dataset\positive image set\train\565.txt
394,F:\DataSet\NWPU VHR-10 dataset\positive image set\train\566.jpg,F:\DataSet\NWPU VHR-10 dataset\positive image set\train\566.txt
395,F:\DataSet\NWPU VHR-10 dataset\positive image set\train\567.jpg,F:\DataSet\NWPU VHR-10 dataset\positive image set\train\567.txt
396,F:\DataSet\NWPU VHR-10 dataset\positive image set\train\570.jpg,F:\DataSet\NWPU VHR-10 dataset\positive image set\train\570.txt
397,F:\DataSet\NWPU VHR-10 dataset\positive image set\train\572.jpg,F:\DataSet\NWPU VHR-10 dataset\positive image set\train\572.txt
398,F:\DataSet\NWPU VHR-10 dataset\positive image set\train\574.jpg,F:\DataSet\NWPU VHR-10 dataset\positive image set\train\574.txt
399,F:\DataSet\NWPU VHR-10 dataset\positive image set\train\575.jpg,F:\DataSet\NWPU VHR-10 dataset\positive image set\train\575.txt
400,F:\DataSet\NWPU VHR-10 dataset\positive image set\train\576.jpg,F:\DataSet\NWPU VHR-10 dataset\positive image set\train\576.txt
401,F:\DataSet\NWPU VHR-10 dataset\positive image set\train\577.jpg,F:\DataSet\NWPU VHR-10 dataset\positive image set\train\577.txt
402,F:\DataSet\NWPU VHR-10 dataset\positive image set\train\580.jpg,F:\DataSet\NWPU VHR-10 dataset\positive image set\train\580.txt
403,F:\DataSet\NWPU VHR-10 dataset\positive image set\train\581.jpg,F:\DataSet\NWPU VHR-10 dataset\positive image set\train\581.txt
404,F:\DataSet\NWPU VHR-10 dataset\positive image set\train\583.jpg,F:\DataSet\NWPU VHR-10 dataset\positive image set\train\583.txt
405,F:\DataSet\NWPU VHR-10 dataset\positive image set\train\584.jpg,F:\DataSet\NWPU VHR-10 dataset\positive image set\train\584.txt
406,F:\DataSet\NWPU VHR-10 dataset\positive image set\train\585.jpg,F:\DataSet\NWPU VHR-10 dataset\positive image set\train\585.txt
407,F:\DataSet\NWPU VHR-10 dataset\positive image set\train\586.jpg,F:\DataSet\NWPU VHR-10 dataset\positive image set\train\586.txt
408,F:\DataSet\NWPU VHR-10 dataset\positive image set\train\587.jpg,F:\DataSet\NWPU VHR-10 dataset\positive image set\train\587.txt
409,F:\DataSet\NWPU VHR-10 dataset\positive image set\train\590.jpg,F:\DataSet\NWPU VHR-10 dataset\positive image set\train\590.txt
410,F:\DataSet\NWPU VHR-10 dataset\positive image set\train\592.jpg,F:\DataSet\NWPU VHR-10 dataset\positive image set\train\592.txt
411,F:\DataSet\NWPU VHR-10 dataset\positive image set\train\593.jpg,F:\DataSet\NWPU VHR-10 dataset\positive image set\train\593.txt
412,F:\DataSet\NWPU VHR-10 dataset\positive image set\train\594.jpg,F:\DataSet\NWPU VHR-10 dataset\positive image set\train\594.txt
413,F:\DataSet\NWPU VHR-10 dataset\positive image set\train\595.jpg,F:\DataSet\NWPU VHR-10 dataset\positive image set\train\595.txt
414,F:\DataSet\NWPU VHR-10 dataset\positive image set\train\596.jpg,F:\DataSet\NWPU VHR-10 dataset\positive image set\train\596.txt
415,F:\DataSet\NWPU VHR-10 dataset\positive image set\train\598.jpg,F:\DataSet\NWPU VHR-10 dataset\positive image set\train\598.txt
416,F:\DataSet\NWPU VHR-10 dataset\positive image set\train\599.jpg,F:\DataSet\NWPU VHR-10 dataset\positive image set\train\599.txt
417,F:\DataSet\NWPU VHR-10 dataset\positive image set\train\602.jpg,F:\DataSet\NWPU VHR-10 dataset\positive image set\train\602.txt
418,F:\DataSet\NWPU VHR-10 dataset\positive image set\train\603.jpg,F:\DataSet\NWPU VHR-10 dataset\positive image set\train\603.txt
419,F:\DataSet\NWPU VHR-10 dataset\positive image set\train\604.jpg,F:\DataSet\NWPU VHR-10 dataset\positive image set\train\604.txt
420,F:\DataSet\NWPU VHR-10 dataset\positive image set\train\605.jpg,F:\DataSet\NWPU VHR-10 dataset\positive image set\train\605.txt
421,F:\DataSet\NWPU VHR-10 dataset\positive image set\train\606.jpg,F:\DataSet\NWPU VHR-10 dataset\positive image set\train\606.txt
422,F:\DataSet\NWPU VHR-10 dataset\positive image set\train\609.jpg,F:\DataSet\NWPU VHR-10 dataset\positive image set\train\609.txt
423,F:\DataSet\NWPU VHR-10 dataset\positive image set\train\610.jpg,F:\DataSet\NWPU VHR-10 dataset\positive image set\train\610.txt
424,F:\DataSet\NWPU VHR-10 dataset\positive image set\train\611.jpg,F:\DataSet\NWPU VHR-10 dataset\positive image set\train\611.txt
425,F:\DataSet\NWPU VHR-10 dataset\positive image set\train\612.jpg,F:\DataSet\NWPU VHR-10 dataset\positive image set\train\612.txt
426,F:\DataSet\NWPU VHR-10 dataset\positive image set\train\613.jpg,F:\DataSet\NWPU VHR-10 dataset\positive image set\train\613.txt
427,F:\DataSet\NWPU VHR-10 dataset\positive image set\train\614.jpg,F:\DataSet\NWPU VHR-10 dataset\positive image set\train\614.txt
428,F:\DataSet\NWPU VHR-10 dataset\positive image set\train\615.jpg,F:\DataSet\NWPU VHR-10 dataset\positive image set\train\615.txt
429,F:\DataSet\NWPU VHR-10 dataset\positive image set\train\616.jpg,F:\DataSet\NWPU VHR-10 dataset\positive image set\train\616.txt
430,F:\DataSet\NWPU VHR-10 dataset\positive image set\train\617.jpg,F:\DataSet\NWPU VHR-10 dataset\positive image set\train\617.txt
431,F:\DataSet\NWPU VHR-10 dataset\positive image set\train\618.jpg,F:\DataSet\NWPU VHR-10 dataset\positive image set\train\618.txt
432,F:\DataSet\NWPU VHR-10 dataset\positive image set\train\619.jpg,F:\DataSet\NWPU VHR-10 dataset\positive image set\train\619.txt
433,F:\DataSet\NWPU VHR-10 dataset\positive image set\train\620.jpg,F:\DataSet\NWPU VHR-10 dataset\positive image set\train\620.txt
434,F:\DataSet\NWPU VHR-10 dataset\positive image set\train\623.jpg,F:\DataSet\NWPU VHR-10 dataset\positive image set\train\623.txt
435,F:\DataSet\NWPU VHR-10 dataset\positive image set\train\624.jpg,F:\DataSet\NWPU VHR-10 dataset\positive image set\train\624.txt
436,F:\DataSet\NWPU VHR-10 dataset\positive image set\train\625.jpg,F:\DataSet\NWPU VHR-10 dataset\positive image set\train\625.txt
437,F:\DataSet\NWPU VHR-10 dataset\positive image set\train\627.jpg,F:\DataSet\NWPU VHR-10 dataset\positive image set\train\627.txt
438,F:\DataSet\NWPU VHR-10 dataset\positive image set\train\630.jpg,F:\DataSet\NWPU VHR-10 dataset\positive image set\train\630.txt
439,F:\DataSet\NWPU VHR-10 dataset\positive image set\train\631.jpg,F:\DataSet\NWPU VHR-10 dataset\positive image set\train\631.txt
440,F:\DataSet\NWPU VHR-10 dataset\positive image set\train\632.jpg,F:\DataSet\NWPU VHR-10 dataset\positive image set\train\632.txt
441,F:\DataSet\NWPU VHR-10 dataset\positive image set\train\633.jpg,F:\DataSet\NWPU VHR-10 dataset\positive image set\train\633.txt
442,F:\DataSet\NWPU VHR-10 dataset\positive image set\train\634.jpg,F:\DataSet\NWPU VHR-10 dataset\positive image set\train\634.txt
443,F:\DataSet\NWPU VHR-10 dataset\positive image set\train\636.jpg,F:\DataSet\NWPU VHR-10 dataset\positive image set\train\636.txt
444,F:\DataSet\NWPU VHR-10 dataset\positive image set\train\638.jpg,F:\DataSet\NWPU VHR-10 dataset\positive image set\train\638.txt
445,F:\DataSet\NWPU VHR-10 dataset\positive image set\train\639.jpg,F:\DataSet\NWPU VHR-10 dataset\positive image set\train\639.txt
446,F:\DataSet\NWPU VHR-10 dataset\positive image set\train\641.jpg,F:\DataSet\NWPU VHR-10 dataset\positive image set\train\641.txt
447,F:\DataSet\NWPU VHR-10 dataset\positive image set\train\642.jpg,F:\DataSet\NWPU VHR-10 dataset\positive image set\train\642.txt
448,F:\DataSet\NWPU VHR-10 dataset\positive image set\train\643.jpg,F:\DataSet\NWPU VHR-10 dataset\positive image set\train\643.txt
449,F:\DataSet\NWPU VHR-10 dataset\positive image set\train\644.jpg,F:\DataSet\NWPU VHR-10 dataset\positive image set\train\644.txt
450,F:\DataSet\NWPU VHR-10 dataset\positive image set\train\645.jpg,F:\DataSet\NWPU VHR-10 dataset\positive image set\train\645.txt
451,F:\DataSet\NWPU VHR-10 dataset\positive image set\train\647.jpg,F:\DataSet\NWPU VHR-10 dataset\positive image set\train\647.txt
452,F:\DataSet\NWPU VHR-10 dataset\positive image set\train\648.jpg,F:\DataSet\NWPU VHR-10 dataset\positive image set\train\648.txt
453,F:\DataSet\NWPU VHR-10 dataset\positive image set\train\650.jpg,F:\DataSet\NWPU VHR-10 dataset\positive image set\train\650.txt
